Rk,Player,Age,Pos,G,GS,MP,FG,FGA,FG%,3P,3PA,3P%,2P,2PA,2P%,eFG%,FT,FTA,FT%,ORB,DRB,TRB,AST,STL,BLK,TOV,PF,PTS,Awards,TEAM_ABBR,DATA_SOURCE,PLAYER_ID,NICKNAME,TEAM_ID,AGE,GP,W,L,W_PCT,FGM,FG3M,FG3A,FTM,OREB,DREB,REB,BLKA,PFD,PLUS_MINUS,NBA_FANTASY_PTS,DD2,TD3,WNBA_FANTASY_PTS,GP_RANK,W_RANK,L_RANK,W_PCT_RANK,MIN_RANK,FGM_RANK,FGA_RANK,FG_PCT_RANK,FG3M_RANK,FG3A_RANK,FG3_PCT_RANK,FTM_RANK,FTA_RANK,FT_PCT_RANK,OREB_RANK,DREB_RANK,REB_RANK,AST_RANK,TOV_RANK,STL_RANK,BLK_RANK,BLKA_RANK,PF_RANK,PFD_RANK,PTS_RANK,PLUS_MINUS_RANK,NBA_FANTASY_PTS_RANK,DD2_RANK,TD3_RANK,WNBA_FANTASY_PTS_RANK,TEAM_COUNT,OPP
1.0,Jaylen Brown,29.0,SF,71.0,71.0,34.4,10.4,21.7,0.477,2.0,5.7,0.347,8.4,16.0,0.523,0.522,6.0,7.5,0.795,1.1,5.8,6.9,5.1,1.0,0.4,3.6,2.7,28.7,AS,BOS,B-Ref,,,,,,,,,,,,,,,,,,,,,,,,,,,,,,,,,,,,,,,,,,,,,,,,,,,,,,PHI
2.0,Derrick White,31.0,SG,77.0,77.0,34.1,5.7,14.4,0.394,2.7,8.3,0.327,3.0,6.1,0.487,0.489,2.4,2.6,0.902,1.1,3.3,4.4,5.4,1.1,1.3,1.7,1.5,16.5,,BOS,B-Ref,,,,,,,,,,,,,,,,,,,,,,,,,,,,,,,,,,,,,,,,,,,,,,,,,,,,,,PHI
3.0,Jayson Tatum,27.0,PF,16.0,16.0,32.6,7.4,17.9,0.411,2.9,8.9,0.329,4.4,9.0,0.493,0.493,4.1,4.9,0.823,0.5,9.5,10.0,5.3,1.4,0.2,2.4,1.6,21.8,,BOS,B-Ref,,,,,,,,,,,,,,,,,,,,,,,,,,,,,,,,,,,,,,,,,,,,,,,,,,,,,,PHI
4.0,Payton Pritchard,28.0,PG,79.0,50.0,32.4,6.4,13.8,0.464,2.7,7.1,0.377,3.7,6.7,0.556,0.561,1.5,1.7,0.89,0.9,3.1,3.9,5.2,0.7,0.1,1.4,1.5,17.0,,BOS,B-Ref,,,,,,,,,,,,,,,,,,,,,,,,,,,,,,,,,,,,,,,,,,,,,,,,,,,,,,PHI
5.0,Neemias Queta,26.0,C,76.0,75.0,25.3,4.3,6.6,0.653,0.0,0.1,0.125,4.3,6.5,0.662,0.654,1.6,2.3,0.703,3.0,5.3,8.4,1.7,0.8,1.3,1.0,2.8,10.2,,BOS,B-Ref,,,,,,,,,,,,,,,,,,,,,,,,,,,,,,,,,,,,,,,,,,,,,,,,,,,,,,PHI
6.0,Sam Hauser,28.0,PF,78.0,49.0,24.8,3.2,7.7,0.419,2.5,6.5,0.393,0.7,1.2,0.557,0.584,0.2,0.3,0.85,0.7,3.1,3.8,1.5,0.5,0.3,0.4,1.4,9.2,,BOS,B-Ref,,,,,,,,,,,,,,,,,,,,,,,,,,,,,,,,,,,,,,,,,,,,,,,,,,,,,,PHI
8.0,Nikola Vučević,35.0,C,16.0,1.0,21.1,3.8,8.7,0.439,1.1,3.3,0.34,2.7,5.4,0.5,0.504,0.9,1.2,0.789,1.6,5.1,6.6,2.0,0.4,0.6,1.0,1.9,9.7,,BOS,B-Ref,,,,,,,,,,,,,,,,,,,,,,,,,,,,,,,,,,,,,,,,,,,,,,,,,,,,,,PHI
9.0,Baylor Scheierman,25.0,SG,77.0,20.0,18.6,2.0,4.3,0.453,1.3,3.2,0.399,0.7,1.2,0.6,0.599,0.4,0.4,0.903,0.7,2.8,3.5,1.5,0.5,0.1,0.6,1.4,5.5,,BOS,B-Ref,,,,,,,,,,,,,,,,,,,,,,,,,,,,,,,,,,,,,,,,,,,,,,,,,,,,,,PHI
10.0,Jordan Walsh,21.0,PF,68.0,25.0,17.8,2.0,3.9,0.509,0.7,1.8,0.384,1.3,2.1,0.62,0.599,0.6,0.8,0.772,1.3,2.8,4.0,0.8,0.7,0.5,0.5,2.0,5.4,,BOS,B-Ref,,,,,,,,,,,,,,,,,,,,,,,,,,,,,,,,,,,,,,,,,,,,,,,,,,,,,,PHI
11.0,Luka Garza,27.0,C,69.0,6.0,16.2,3.0,5.2,0.577,0.8,1.8,0.433,2.2,3.3,0.657,0.654,1.3,1.7,0.769,2.3,1.8,4.1,1.0,0.4,0.4,0.7,2.3,8.1,,BOS,B-Ref,,,,,,,,,,,,,,,,,,,,,,,,,,,,,,,,,,,,,,,,,,,,,,,,,,,,,,PHI
13.0,Hugo González,19.0,SF,74.0,3.0,14.6,1.6,3.3,0.476,0.6,1.6,0.362,1.0,1.8,0.577,0.561,0.2,0.4,0.5,0.8,2.5,3.3,0.5,0.6,0.3,0.5,1.7,3.9,,BOS,B-Ref,,,,,,,,,,,,,,,,,,,,,,,,,,,,,,,,,,,,,,,,,,,,,,,,,,,,,,PHI
14.0,Dalano Banton,26.0,PG,4.0,0.0,13.0,0.3,2.0,0.125,0.0,0.3,0.0,0.3,1.8,0.143,0.125,1.0,1.0,1.0,0.3,0.8,1.0,2.3,0.3,1.3,1.8,0.8,1.5,,BOS,B-Ref,,,,,,,,,,,,,,,,,,,,,,,,,,,,,,,,,,,,,,,,,,,,,,,,,,,,,,PHI
15.0,Ron Harper Jr.,25.0,SF,29.0,3.0,11.0,1.6,3.8,0.418,1.0,2.8,0.35,0.6,1.0,0.6,0.545,0.1,0.1,0.75,0.5,1.1,1.7,0.8,0.3,0.3,0.3,0.7,4.2,,BOS,B-Ref,,,,,,,,,,,,,,,,,,,,,,,,,,,,,,,,,,,,,,,,,,,,,,,,,,,,,,PHI
18.0,John Tonje,24.0,SG,6.0,0.0,7.0,0.7,2.3,0.286,0.5,1.7,0.3,0.2,0.7,0.25,0.393,0.7,0.7,1.0,0.0,1.0,1.0,0.3,0.3,0.0,0.0,0.8,2.5,,BOS,B-Ref,,,,,,,,,,,,,,,,,,,,,,,,,,,,,,,,,,,,,,,,,,,,,,,,,,,,,,PHI
19.0,Amari Williams,24.0,PF,22.0,2.0,6.6,0.5,0.9,0.5,0.0,0.0,,0.5,0.9,0.5,0.5,0.5,0.6,0.714,0.4,1.4,1.8,0.5,0.1,0.5,0.5,0.9,1.4,,BOS,B-Ref,,,,,,,,,,,,,,,,,,,,,,,,,,,,,,,,,,,,,,,,,,,,,,,,,,,,,,PHI
21.0,Max Shulga,23.0,SG,11.0,1.0,3.3,0.2,0.7,0.25,0.1,0.4,0.25,0.1,0.4,0.25,0.313,0.2,0.2,1.0,0.3,0.3,0.5,0.2,0.1,0.0,0.3,0.9,0.6,,BOS,B-Ref,,,,,,,,,,,,,,,,,,,,,,,,,,,,,,,,,,,,,,,,,,,,,,,,,,,,,,PHI
1.0,Tyrese Maxey,25.0,PG,70.0,70.0,38.0,9.9,21.4,0.462,3.1,8.6,0.367,6.8,12.9,0.525,0.536,5.3,6.0,0.892,0.3,3.8,4.1,6.6,1.9,0.8,2.4,2.2,28.3,AS,PHI,B-Ref,,,,,,,,,,,,,,,,,,,,,,,,,,,,,,,,,,,,,,,,,,,,,,,,,,,,,,BOS
2.0,VJ Edgecombe,20.0,SG,75.0,75.0,35.0,6.0,13.7,0.438,2.0,5.6,0.354,4.0,8.1,0.496,0.51,2.0,2.4,0.818,1.6,4.0,5.6,4.2,1.4,0.5,1.8,2.9,16.0,,PHI,B-Ref,,,,,,,,,,,,,,,,,,,,,,,,,,,,,,,,,,,,,,,,,,,,,,,,,,,,,,BOS
3.0,Joel Embiid,31.0,C,38.0,38.0,31.6,9.0,18.3,0.489,1.4,4.2,0.333,7.6,14.2,0.535,0.527,7.5,8.8,0.854,2.0,5.7,7.7,3.9,0.6,1.2,2.9,2.2,26.9,,PHI,B-Ref,,,,,,,,,,,,,,,,,,,,,,,,,,,,,,,,,,,,,,,,,,,,,,,,,,,,,,BOS
4.0,Kelly Oubre Jr.,30.0,SF,50.0,41.0,31.5,5.1,10.9,0.467,1.7,4.8,0.36,3.4,6.1,0.551,0.546,2.2,2.9,0.766,1.0,4.0,5.0,1.6,1.4,0.5,1.4,2.5,14.1,,PHI,B-Ref,,,,,,,,,,,,,,,,,,,,,,,,,,,,,,,,,,,,,,,,,,,,,,,,,,,,,,BOS
5.0,Paul George,35.0,PF,37.0,37.0,30.7,6.1,13.9,0.439,2.7,6.9,0.392,3.4,7.0,0.484,0.536,2.5,3.0,0.82,0.5,4.8,5.3,3.6,1.7,0.4,1.7,2.3,17.3,,PHI,B-Ref,,,,,,,,,,,,,,,,,,,,,,,,,,,,,,,,,,,,,,,,,,,,,,,,,,,,,,BOS
6.0,Quentin Grimes,25.0,SG,75.0,19.0,29.4,4.5,10.1,0.45,1.7,5.1,0.334,2.8,5.0,0.568,0.534,2.7,3.2,0.84,0.6,3.0,3.6,3.3,0.9,0.4,1.8,2.1,13.4,,PHI,B-Ref,,,,,,,,,,,,,,,,,,,,,,,,,,,,,,,,,,,,,,,,,,,,,,,,,,,,,,BOS
7.0,Dominick Barlow,22.0,PF,71.0,59.0,23.8,3.0,5.6,0.539,0.3,1.2,0.256,2.7,4.5,0.612,0.565,1.3,1.8,0.718,1.9,2.9,4.8,1.2,0.9,0.7,0.8,2.1,7.7,,PHI,B-Ref,,,,,,,,,,,,,,,,,,,,,,,,,,,,,,,,,,,,,,,,,,,,,,,,,,,,,,BOS
8.0,Andre Drummond,32.0,C,63.0,25.0,19.5,2.5,5.3,0.472,0.5,1.4,0.356,2.0,3.9,0.514,0.519,0.8,1.3,0.631,3.2,5.3,8.4,1.3,0.6,0.8,1.0,2.0,6.4,,PHI,B-Ref,,,,,,,,,,,,,,,,,,,,,,,,,,,,,,,,,,,,,,,,,,,,,,,,,,,,,,BOS
9.0,Adem Bona,22.0,C,71.0,18.0,17.4,1.8,3.1,0.595,0.0,0.1,0.333,1.8,3.0,0.603,0.6,1.1,1.6,0.708,1.8,2.5,4.3,0.5,0.4,1.2,0.8,2.2,4.8,,PHI,B-Ref,,,,,,,,,,,,,,,,,,,,,,,,,,,,,,,,,,,,,,,,,,,,,,,,,,,,,,BOS
12.0,Trendon Watford,25.0,PF,53.0,7.0,16.3,2.6,5.1,0.515,0.2,0.9,0.2,2.4,4.1,0.587,0.534,1.1,1.5,0.779,0.7,2.6,3.3,2.5,0.3,0.4,1.2,2.0,6.5,,PHI,B-Ref,,,,,,,,,,,,,,,,,,,,,,,,,,,,,,,,,,,,,,,,,,,,,,,,,,,,,,BOS
13.0,Justin Edwards,22.0,SF,64.0,12.0,15.3,2.2,5.0,0.447,1.0,2.8,0.372,1.2,2.2,0.543,0.552,0.5,0.6,0.846,0.4,1.1,1.5,1.3,0.8,0.2,0.6,1.4,6.0,,PHI,B-Ref,,,,,,,,,,,,,,,,,,,,,,,,,,,,,,,,,,,,,,,,,,,,,,,,,,,,,,BOS
14.0,MarJon Beauchamp,25.0,SF,14.0,1.0,14.0,2.4,5.4,0.434,1.1,3.4,0.34,1.2,2.1,0.586,0.539,0.9,1.4,0.684,0.5,1.8,2.3,1.1,0.6,0.3,0.9,0.9,6.8,,PHI,B-Ref,,,,,,,,,,,,,,,,,,,,,,,,,,,,,,,,,,,,,,,,,,,,,,,,,,,,,,BOS
15.0,Dalen Terry,23.0,SG,14.0,0.0,12.4,1.6,3.8,0.434,0.4,1.4,0.25,1.3,2.4,0.545,0.481,0.5,0.9,0.538,0.5,1.1,1.6,1.6,0.5,0.3,0.4,1.1,4.1,,PHI,B-Ref,,,,,,,,,,,,,,,,,,,,,,,,,,,,,,,,,,,,,,,,,,,,,,,,,,,,,,BOS
17.0,Jabari Walker,23.0,PF,64.0,6.0,11.9,1.5,3.3,0.455,0.5,1.5,0.337,1.0,1.8,0.551,0.531,0.8,1.1,0.735,1.1,1.9,3.0,0.5,0.4,0.2,0.4,1.6,4.3,,PHI,B-Ref,,,,,,,,,,,,,,,,,,,,,,,,,,,,,,,,,,,,,,,,,,,,,,,,,,,,,,BOS
18.0,Tyrese Martin,26.0,SG,9.0,0.0,9.0,1.0,2.4,0.409,0.2,1.4,0.154,0.8,1.0,0.778,0.455,0.0,0.2,0.0,0.2,0.9,1.1,1.0,0.3,0.2,0.8,0.3,2.2,,PHI,B-Ref,,,,,,,,,,,,,,,,,,,,,,,,,,,,,,,,,,,,,,,,,,,,,,,,,,,,,,BOS
19.0,Kyle Lowry,39.0,PG,14.0,0.0,8.4,0.3,1.8,0.16,0.3,1.8,0.16,0.0,0.0,,0.24,0.4,0.4,0.833,0.0,0.6,0.6,0.8,0.1,0.1,0.3,0.6,1.2,,PHI,B-Ref,,,,,,,,,,,,,,,,,,,,,,,,,,,,,,,,,,,,,,,,,,,,,,,,,,,,,,BOS
20.0,Johni Broome,23.0,C,11.0,0.0,5.0,0.4,2.2,0.167,0.0,0.5,0.0,0.4,1.7,0.211,0.167,0.2,0.5,0.333,0.6,0.8,1.5,0.4,0.3,0.2,0.3,0.6,0.9,,PHI,B-Ref,,,,,,,,,,,,,,,,,,,,,,,,,,,,,,,,,,,,,,,,,,,,,,,,,,,,,,BOS
1.0,Shai Gilgeous-Alexander,27.0,PG,68.0,68.0,33.2,10.8,19.4,0.553,1.7,4.4,0.386,9.1,15.0,0.602,0.597,7.9,9.0,0.879,0.6,3.7,4.3,6.6,1.4,0.8,2.2,2.0,31.1,AS,OKC,B-Ref,,,,,,,,,,,,,,,,,,,,,,,,,,,,,,,,,,,,,,,,,,,,,,,,,,,,,,PHX
2.0,Chet Holmgren,23.0,PF,69.0,69.0,28.9,6.3,11.3,0.557,1.3,3.5,0.362,5.0,7.8,0.646,0.614,3.3,4.1,0.792,1.9,7.0,8.9,1.7,0.6,1.9,1.6,2.3,17.1,AS,OKC,B-Ref,,,,,,,,,,,,,,,,,,,,,,,,,,,,,,,,,,,,,,,,,,,,,,,,,,,,,,PHX
3.0,Jalen Williams,24.0,SG,33.0,33.0,28.4,6.5,13.5,0.484,0.7,2.3,0.299,5.8,11.2,0.523,0.51,3.3,3.9,0.837,0.8,3.8,4.6,5.5,1.2,0.3,1.9,2.0,17.1,,OKC,B-Ref,,,,,,,,,,,,,,,,,,,,,,,,,,,,,,,,,,,,,,,,,,,,,,,,,,,,,,PHX
4.0,Luguentz Dort,26.0,SF,69.0,69.0,26.8,2.9,7.6,0.385,1.9,5.4,0.344,1.1,2.2,0.487,0.508,0.6,0.8,0.759,0.8,2.7,3.6,1.2,0.9,0.4,0.8,2.6,8.3,,OKC,B-Ref,,,,,,,,,,,,,,,,,,,,,,,,,,,,,,,,,,,,,,,,,,,,,,,,,,,,,,PHX
5.0,Cason Wallace,22.0,SG,77.0,58.0,26.6,3.3,7.6,0.432,1.3,3.7,0.351,2.0,3.8,0.51,0.518,0.7,0.9,0.809,0.8,2.3,3.1,2.6,1.9,0.4,0.9,2.0,8.6,,OKC,B-Ref,,,,,,,,,,,,,,,,,,,,,,,,,,,,,,,,,,,,,,,,,,,,,,,,,,,,,,PHX
6.0,Ajay Mitchell,23.0,SG,57.0,16.0,25.8,5.0,10.4,0.485,1.1,3.1,0.347,3.9,7.3,0.543,0.536,2.5,2.8,0.87,0.7,2.6,3.3,3.6,1.2,0.3,1.4,2.1,13.6,,OKC,B-Ref,,,,,,,,,,,,,,,,,,,,,,,,,,,,,,,,,,,,,,,,,,,,,,,,,,,,,,PHX
7.0,Isaiah Hartenstein,27.0,C,47.0,46.0,24.2,3.9,6.3,0.622,0.0,0.1,0.0,3.9,6.1,0.637,0.622,1.4,2.2,0.61,3.2,6.3,9.4,3.5,1.0,0.8,1.7,2.5,9.2,,OKC,B-Ref,,,,,,,,,,,,,,,,,,,,,,,,,,,,,,,,,,,,,,,,,,,,,,,,,,,,,,PHX
8.0,Aaron Wiggins,27.0,SG,65.0,21.0,21.8,3.6,8.2,0.431,1.5,4.2,0.356,2.1,4.1,0.508,0.521,0.8,1.1,0.736,0.6,2.4,3.1,1.7,0.9,0.4,1.2,1.3,9.4,,OKC,B-Ref,,,,,,,,,,,,,,,,,,,,,,,,,,,,,,,,,,,,,,,,,,,,,,,,,,,,,,PHX
9.0,Isaiah Joe,26.0,SG,71.0,9.0,21.2,3.5,7.6,0.455,2.5,6.0,0.423,0.9,1.6,0.574,0.622,1.5,1.7,0.894,0.5,2.1,2.5,1.3,0.7,0.2,0.6,1.7,11.1,,OKC,B-Ref,,,,,,,,,,,,,,,,,,,,,,,,,,,,,,,,,,,,,,,,,,,,,,,,,,,,,,PHX
10.0,Jaylin Williams,23.0,PF,65.0,11.0,19.6,2.3,5.4,0.423,1.5,3.9,0.383,0.8,1.5,0.531,0.563,1.1,1.4,0.793,0.5,5.0,5.5,2.4,0.5,0.6,1.0,2.0,7.2,,OKC,B-Ref,,,,,,,,,,,,,,,,,,,,,,,,,,,,,,,,,,,,,,,,,,,,,,,,,,,,,,PHX
11.0,Alex Caruso,31.0,SG,56.0,0.0,18.2,2.3,5.4,0.423,0.9,3.2,0.293,1.3,2.1,0.622,0.512,0.7,0.9,0.804,0.5,2.3,2.8,2.0,1.3,0.3,0.9,1.2,6.2,,OKC,B-Ref,,,,,,,,,,,,,,,,,,,,,,,,,,,,,,,,,,,,,,,,,,,,,,,,,,,,,,PHX
12.0,Jared McCain,21.0,SG,30.0,2.0,18.0,3.8,8.3,0.462,1.8,4.6,0.391,2.0,3.7,0.55,0.57,1.0,1.1,0.853,0.6,1.5,2.1,0.9,0.4,0.1,0.9,1.3,10.4,,OKC,B-Ref,,,,,,,,,,,,,,,,,,,,,,,,,,,,,,,,,,,,,,,,,,,,,,,,,,,,,,PHX
13.0,Nikola Topić,20.0,PG,10.0,2.0,16.0,2.2,5.1,0.431,0.6,1.5,0.4,1.6,3.6,0.444,0.49,0.2,0.5,0.4,0.7,1.2,1.9,4.4,0.5,0.0,2.5,1.3,5.2,,OKC,B-Ref,,,,,,,,,,,,,,,,,,,,,,,,,,,,,,,,,,,,,,,,,,,,,,,,,,,,,,PHX
14.0,Payton Sandfort,23.0,SF,4.0,0.0,15.8,3.3,6.5,0.5,1.8,4.3,0.412,1.5,2.3,0.667,0.635,0.5,1.0,0.5,0.3,2.3,2.5,0.0,0.3,0.0,0.3,2.0,8.8,,OKC,B-Ref,,,,,,,,,,,,,,,,,,,,,,,,,,,,,,,,,,,,,,,,,,,,,,,,,,,,,,PHX
15.0,Kenrich Williams,31.0,PF,56.0,2.0,15.3,2.5,5.3,0.473,0.9,2.3,0.388,1.6,3.0,0.539,0.557,0.6,0.9,0.635,1.1,2.3,3.3,1.4,0.6,0.1,0.8,1.1,6.5,,OKC,B-Ref,,,,,,,,,,,,,,,,,,,,,,,,,,,,,,,,,,,,,,,,,,,,,,,,,,,,,,PHX
16.0,Branden Carlson,26.0,C,42.0,4.0,11.6,2.3,4.4,0.527,0.7,2.0,0.36,1.6,2.4,0.67,0.61,0.4,0.6,0.577,0.7,2.3,3.0,0.7,0.2,0.6,0.4,0.9,5.8,,OKC,B-Ref,,,,,,,,,,,,,,,,,,,,,,,,,,,,,,,,,,,,,,,,,,,,,,,,,,,,,,PHX
18.0,Brooks Barnhizer,23.0,SG,40.0,0.0,8.7,0.7,1.8,0.38,0.2,0.6,0.292,0.5,1.2,0.426,0.43,0.2,0.3,0.7,0.5,1.5,2.0,0.6,0.3,0.1,0.3,0.7,1.7,,OKC,B-Ref,,,,,,,,,,,,,,,,,,,,,,,,,,,,,,,,,,,,,,,,,,,,,,,,,,,,,,PHX
,Amir Coffey,,,,,10.7,,2.5,0.487,,,0.347,,,,,,0.6,0.786,,,,0.6,0.2,0.1,0.2,0.7,3.2,,PHX,nba_api,1629599.0,Amir,1610612756.0,28.0,46.0,20.0,26.0,0.435,1.2,0.4,1.1,0.5,0.4,0.8,1.2,0.0,0.5,-0.7,6.3,0.0,0.0,6.0,324.0,302.0,232.0,365.0,468.0,483.0,495.0,192.0,426.0,452.0,266.0,446.0,456.0,264.0,424.0,511.0,498.0,491.0,545.0,526.0,456.0,533.0,516.0,487.0,482.0,309.0,504.0,284.0,38.0,507.0,2.0,OKC
,CJ Huntley,,,,,10.1,,2.8,0.545,,,0.0,,,,,,0.0,0.0,,,,0.5,0.3,0.0,0.0,0.5,3.0,,PHX,nba_api,1643047.0,CJ,1610612756.0,24.0,4.0,3.0,1.0,0.75,1.5,0.0,0.8,0.0,0.5,0.8,1.3,0.3,0.0,3.8,6.0,0.0,0.0,5.3,551.0,503.0,556.0,46.0,476.0,445.0,475.0,90.0,517.0,474.0,517.0,563.0,564.0,563.0,379.0,525.0,496.0,510.0,562.0,498.0,524.0,372.0,541.0,571.0,489.0,64.0,514.0,284.0,38.0,519.0,1.0,OKC
,Collin Gillespie,,,,,28.5,,10.5,0.418,,,0.401,,,,,,1.1,0.874,,,,4.6,1.2,0.2,1.6,1.6,12.7,,PHX,nba_api,1631221.0,Collin,1610612756.0,26.0,80.0,43.0,37.0,0.538,4.4,2.9,7.2,1.0,1.1,3.0,4.1,0.4,1.7,2.5,27.3,3.0,0.0,27.2,21.0,75.0,93.0,267.0,118.0,157.0,131.0,429.0,21.0,23.0,92.0,308.0,341.0,94.0,168.0,204.0,192.0,62.0,139.0,61.0,358.0,261.0,303.0,198.0,143.0,109.0,125.0,128.0,38.0,117.0,1.0,OKC
,Devin Booker,,,,,33.5,,18.7,0.456,,,0.33,,,,,,8.1,0.873,,,,6.0,0.8,0.3,3.1,2.6,26.1,,PHX,nba_api,1626164.0,Devin,1610612756.0,29.0,64.0,37.0,27.0,0.578,8.5,1.9,5.8,7.1,0.8,3.1,3.9,1.0,6.7,3.1,39.9,6.0,0.0,40.0,180.0,136.0,220.0,203.0,25.0,20.0,10.0,290.0,100.0,74.0,335.0,5.0,7.0,96.0,286.0,184.0,214.0,29.0,17.0,213.0,291.0,32.0,57.0,3.0,13.0,81.0,32.0,84.0,38.0,25.0,1.0,OKC
,Dillon Brooks,,,,,30.4,,17.1,0.435,,,0.344,,,,,,3.6,0.842,,,,1.8,1.0,0.2,1.8,3.3,20.2,,PHX,nba_api,1628415.0,Dillon,1610612756.0,30.0,56.0,32.0,24.0,0.571,7.4,2.3,6.6,3.0,0.8,2.9,3.6,0.5,3.3,-0.9,29.0,0.0,0.0,30.2,247.0,182.0,258.0,210.0,80.0,33.0,22.0,367.0,65.0,47.0,276.0,70.0,77.0,143.0,280.0,220.0,234.0,269.0,110.0,117.0,407.0,168.0,18.0,67.0,41.0,323.0,110.0,284.0,38.0,86.0,1.0,OKC
,Grayson Allen,,,,,28.8,,13.1,0.403,,,0.349,,,,,,3.3,0.857,,,,3.8,1.4,0.3,1.6,2.3,16.5,,PHX,nba_api,1628960.0,Grayson,1610612756.0,30.0,51.0,26.0,25.0,0.51,5.3,3.1,8.9,2.8,0.7,2.3,3.0,0.6,3.0,0.4,29.1,0.0,0.0,29.7,291.0,231.0,246.0,296.0,115.0,116.0,74.0,469.0,14.0,7.0,259.0,76.0,91.0,116.0,304.0,288.0,294.0,82.0,132.0,47.0,314.0,137.0,122.0,77.0,81.0,224.0,109.0,284.0,38.0,91.0,1.0,OKC
,Haywood Highsmith,,,,,13.0,,3.3,0.522,,,0.571,,,,,,1.0,0.857,,,,1.0,0.6,0.0,0.0,1.3,5.4,,PHX,nba_api,1629312.0,Haywood,1610612756.0,29.0,7.0,4.0,3.0,0.571,1.7,1.1,2.0,0.9,0.9,1.0,1.9,0.3,0.7,1.4,10.9,0.0,0.0,10.6,518.0,487.0,530.0,210.0,424.0,418.0,439.0,110.0,234.0,348.0,9.0,329.0,360.0,116.0,242.0,477.0,437.0,394.0,562.0,330.0,524.0,328.0,399.0,422.0,389.0,157.0,419.0,284.0,38.0,414.0,1.0,OKC
,Isaiah Livers,,,,,9.6,,1.8,0.344,,,0.3,,,,,,0.3,0.75,,,,0.6,0.4,0.2,0.3,0.8,1.8,,PHX,nba_api,1630587.0,Isaiah,1610612756.0,27.0,36.0,21.0,15.0,0.583,0.6,0.3,1.1,0.3,0.5,1.2,1.7,0.2,0.2,0.3,6.1,0.0,0.0,5.6,384.0,292.0,382.0,195.0,482.0,548.0,536.0,535.0,429.0,447.0,403.0,510.0,516.0,333.0,371.0,456.0,461.0,492.0,503.0,452.0,340.0,424.0,499.0,545.0,541.0,229.0,508.0,284.0,38.0,516.0,1.0,OKC
,Jalen Green,,,,,25.9,,16.0,0.422,,,0.313,,,,,,2.7,0.747,,,,2.8,1.1,0.3,2.3,1.3,17.8,,PHX,nba_api,1630224.0,Jalen,1610612756.0,24.0,32.0,17.0,15.0,0.531,6.8,2.2,7.1,2.0,0.5,3.1,3.6,1.1,2.6,1.0,28.1,0.0,0.0,29.1,400.0,334.0,382.0,273.0,171.0,57.0,34.0,413.0,68.0,29.0,381.0,132.0,125.0,349.0,379.0,184.0,234.0,149.0,64.0,105.0,316.0,15.0,392.0,114.0,64.0,181.0,118.0,284.0,38.0,98.0,1.0,OKC
,Jamaree Bouyea,,,,,14.0,,5.1,0.458,,,0.295,,,,,,0.8,0.686,,,,1.8,0.6,0.3,0.7,0.8,5.7,,PHX,nba_api,1631123.0,Jamaree,1610612756.0,26.0,46.0,23.0,23.0,0.5,2.3,0.5,1.7,0.5,0.4,1.4,1.8,0.4,0.9,0.5,12.8,0.0,0.0,11.7,324.0,268.0,275.0,303.0,408.0,344.0,344.0,285.0,393.0,388.0,416.0,428.0,423.0,441.0,440.0,429.0,446.0,264.0,388.0,302.0,239.0,249.0,497.0,365.0,372.0,215.0,381.0,284.0,38.0,394.0,1.0,OKC
,Jordan Goodwin,,,,,22.5,,7.9,0.413,,,0.371,,,,,,0.8,0.696,,,,2.2,1.5,0.2,1.0,1.9,8.7,,PHX,nba_api,1630692.0,Jordan,1610612756.0,27.0,70.0,39.0,31.0,0.557,3.3,1.6,4.3,0.6,2.0,2.9,4.9,0.4,1.0,1.3,22.0,2.0,0.0,20.8,105.0,118.0,160.0,240.0,233.0,247.0,210.0,447.0,141.0,153.0,186.0,422.0,409.0,431.0,69.0,215.0,146.0,219.0,277.0,23.0,358.0,214.0,232.0,355.0,253.0,166.0,203.0,159.0,38.0,207.0,1.0,OKC
,Khaman Maluach,,,,,8.9,,2.3,0.533,,,0.238,,,,,,0.7,0.71,,,,0.1,0.1,0.7,0.5,0.9,3.0,,PHX,nba_api,1642863.0,Khaman,1610612756.0,19.0,46.0,22.0,24.0,0.478,1.2,0.1,0.5,0.5,1.1,1.8,2.9,0.3,0.6,1.0,8.6,1.0,0.0,7.8,324.0,277.0,258.0,339.0,495.0,477.0,511.0,100.0,487.0,501.0,473.0,446.0,437.0,413.0,178.0,362.0,318.0,572.0,428.0,552.0,94.0,359.0,473.0,449.0,488.0,182.0,477.0,201.0,38.0,480.0,1.0,OKC
,Koby Brea,,,,,7.0,,3.0,0.417,,,0.433,,,,,,0.2,1.0,,,,0.8,0.1,0.0,0.3,0.5,3.8,,PHX,nba_api,1642886.0,Koby,1610612756.0,23.0,12.0,5.0,7.0,0.417,1.3,1.1,2.5,0.2,0.1,0.6,0.7,0.1,0.1,-0.4,5.7,0.0,0.0,6.5,485.0,474.0,475.0,374.0,526.0,468.0,458.0,434.0,247.0,303.0,41.0,531.0,546.0,1.0,559.0,544.0,556.0,443.0,503.0,558.0,524.0,511.0,541.0,569.0,459.0,289.0,517.0,284.0,38.0,497.0,1.0,OKC
,Mark Williams,,,,,23.6,,7.3,0.644,,,1.0,,,,,,2.9,0.771,,,,1.0,0.9,0.9,1.1,2.2,11.7,,PHX,nba_api,1631109.0,Mark,1610612756.0,24.0,60.0,34.0,26.0,0.567,4.7,0.0,0.0,2.3,3.1,4.9,8.0,0.4,2.4,-0.7,27.1,14.0,0.0,24.3,214.0,168.0,232.0,221.0,214.0,143.0,235.0,28.0,512.0,545.0,1.0,111.0,112.0,302.0,19.0,61.0,34.0,413.0,242.0,153.0,56.0,220.0,144.0,126.0,173.0,310.0,126.0,38.0,38.0,153.0,1.0,OKC
,Oso Ighodaro,,,,,22.1,,4.5,0.653,,,0.0,,,,,,1.4,0.453,,,,2.3,0.9,0.7,1.2,2.7,6.5,,PHX,nba_api,1642345.0,Oso,1610612756.0,23.0,82.0,45.0,37.0,0.549,2.9,0.0,0.0,0.6,1.7,3.4,5.1,0.3,1.3,2.0,19.5,4.0,0.0,17.0,1.0,60.0,93.0,251.0,245.0,296.0,379.0,25.0,517.0,547.0,517.0,395.0,278.0,551.0,84.0,156.0,131.0,208.0,216.0,171.0,101.0,289.0,53.0,260.0,342.0,125.0,243.0,114.0,38.0,280.0,1.0,OKC
,Rasheer Fleming,,,,,12.2,,3.9,0.405,,,0.346,,,,,,0.6,0.559,,,,0.3,0.4,0.4,0.5,1.2,4.3,,PHX,nba_api,1642853.0,Rasheer,1610612756.0,21.0,55.0,29.0,26.0,0.527,1.6,0.8,2.4,0.3,1.0,1.2,2.3,0.1,0.5,1.8,9.3,0.0,0.0,9.3,258.0,203.0,232.0,282.0,438.0,430.0,410.0,464.0,308.0,315.0,270.0,486.0,453.0,517.0,188.0,451.0,399.0,555.0,434.0,432.0,222.0,472.0,431.0,479.0,433.0,136.0,458.0,284.0,38.0,448.0,1.0,OKC
,Royce O'Neale,,,,,28.4,,8.0,0.421,,,0.408,,,,,,0.5,0.711,,,,2.7,1.1,0.4,1.3,2.3,9.8,,PHX,nba_api,1626220.0,Royce,1610612756.0,32.0,78.0,43.0,35.0,0.551,3.4,2.7,6.7,0.3,0.8,4.0,4.8,0.1,0.7,-1.4,22.7,2.0,0.0,22.9,28.0,75.0,112.0,245.0,122.0,235.0,205.0,416.0,29.0,44.0,80.0,485.0,488.0,409.0,282.0,106.0,154.0,162.0,192.0,101.0,199.0,508.0,130.0,426.0,220.0,365.0,185.0,159.0,38.0,168.0,1.0,OKC
,Ryan Dunn,,,,,19.4,,5.2,0.453,,,0.331,,,,,,0.7,0.489,,,,1.5,0.9,0.4,0.8,1.9,5.8,,PHX,nba_api,1642346.0,Ryan,1610612756.0,23.0,70.0,40.0,30.0,0.571,2.3,0.8,2.4,0.3,1.4,2.8,4.2,0.3,0.5,0.1,16.1,2.0,0.0,14.9,105.0,110.0,172.0,210.0,308.0,348.0,341.0,303.0,311.0,311.0,330.0,497.0,438.0,547.0,117.0,225.0,181.0,319.0,338.0,187.0,196.0,306.0,243.0,480.0,365.0,248.0,319.0,159.0,38.0,333.0,1.0,OKC
1.0,Cade Cunningham,24.0,PG,64.0,64.0,33.9,8.6,18.6,0.461,2.0,5.7,0.342,6.6,12.9,0.514,0.513,4.8,6.0,0.812,0.9,4.7,5.5,9.9,1.4,0.8,3.7,3.1,23.9,AS,DET,B-Ref,,,,,,,,,,,,,,,,,,,,,,,,,,,,,,,,,,,,,,,,,,,,,,,,,,,,,,ORL
2.0,Jalen Duren,22.0,C,70.0,70.0,28.2,7.5,11.5,0.65,0.0,0.0,,7.5,11.5,0.65,0.65,4.6,6.1,0.747,3.8,6.7,10.5,2.0,0.8,0.8,1.9,2.8,19.5,AS,DET,B-Ref,,,,,,,,,,,,,,,,,,,,,,,,,,,,,,,,,,,,,,,,,,,,,,,,,,,,,,ORL
3.0,Tobias Harris,33.0,PF,63.0,63.0,27.7,4.9,10.5,0.469,1.3,3.5,0.368,3.6,6.9,0.521,0.531,2.2,2.5,0.866,0.9,4.3,5.1,2.5,0.9,0.4,1.0,1.7,13.3,,DET,B-Ref,,,,,,,,,,,,,,,,,,,,,,,,,,,,,,,,,,,,,,,,,,,,,,,,,,,,,,ORL
4.0,Duncan Robinson,31.0,SF,77.0,77.0,27.4,4.1,9.1,0.456,2.9,7.0,0.41,1.3,2.1,0.605,0.613,1.1,1.4,0.755,0.4,2.3,2.7,2.1,0.6,0.3,0.7,2.2,12.2,,DET,B-Ref,,,,,,,,,,,,,,,,,,,,,,,,,,,,,,,,,,,,,,,,,,,,,,,,,,,,,,ORL
5.0,Ausar Thompson,23.0,SF,73.0,72.0,26.0,4.2,7.9,0.525,0.1,0.3,0.25,4.1,7.6,0.537,0.53,1.5,2.6,0.571,2.1,3.7,5.7,3.1,2.0,0.9,1.5,2.7,9.9,,DET,B-Ref,,,,,,,,,,,,,,,,,,,,,,,,,,,,,,,,,,,,,,,,,,,,,,,,,,,,,,ORL
6.0,Isaiah Stewart,24.0,C,58.0,13.0,22.7,3.8,6.9,0.55,0.7,2.1,0.333,3.1,4.9,0.642,0.6,1.7,2.3,0.756,1.7,3.3,5.0,1.1,0.3,1.6,1.2,2.9,10.0,,DET,B-Ref,,,,,,,,,,,,,,,,,,,,,,,,,,,,,,,,,,,,,,,,,,,,,,,,,,,,,,ORL
7.0,Kevin Huerter,27.0,SG,25.0,3.0,20.5,3.4,7.7,0.443,1.2,4.1,0.294,2.2,3.6,0.611,0.521,0.6,0.6,0.933,0.4,2.4,2.8,2.5,1.1,0.3,0.9,1.2,8.6,,DET,B-Ref,,,,,,,,,,,,,,,,,,,,,,,,,,,,,,,,,,,,,,,,,,,,,,,,,,,,,,ORL
8.0,Daniss Jenkins,24.0,PG,72.0,19.0,20.2,3.2,7.9,0.408,1.0,2.7,0.374,2.2,5.2,0.426,0.473,1.9,2.2,0.832,0.7,1.6,2.3,3.9,0.9,0.2,1.6,1.5,9.3,,DET,B-Ref,,,,,,,,,,,,,,,,,,,,,,,,,,,,,,,,,,,,,,,,,,,,,,,,,,,,,,ORL
10.0,Caris LeVert,31.0,SG,60.0,0.0,19.2,2.7,6.5,0.417,1.0,3.0,0.333,1.7,3.5,0.488,0.494,1.0,1.4,0.679,0.4,1.6,2.0,2.7,0.9,0.7,1.4,1.5,7.4,,DET,B-Ref,,,,,,,,,,,,,,,,,,,,,,,,,,,,,,,,,,,,,,,,,,,,,,,,,,,,,,ORL
11.0,Javonte Green,32.0,SG,82.0,6.0,17.6,2.3,5.0,0.447,1.1,3.0,0.381,1.1,2.0,0.545,0.56,1.3,1.5,0.84,0.8,2.0,2.8,0.7,1.2,0.3,0.5,1.3,6.9,,DET,B-Ref,,,,,,,,,,,,,,,,,,,,,,,,,,,,,,,,,,,,,,,,,,,,,,,,,,,,,,ORL
13.0,Paul Reed,26.0,C,65.0,11.0,13.9,3.2,5.2,0.617,0.2,0.6,0.325,3.0,4.6,0.656,0.636,1.1,1.7,0.664,2.0,2.5,4.5,1.2,0.9,0.9,0.9,1.8,7.8,,DET,B-Ref,,,,,,,,,,,,,,,,,,,,,,,,,,,,,,,,,,,,,,,,,,,,,,,,,,,,,,ORL
14.0,Marcus Sasser,25.0,PG,38.0,5.0,12.0,1.8,4.7,0.39,1.2,2.8,0.415,0.7,1.9,0.352,0.514,0.4,0.5,0.833,0.2,0.8,1.0,2.0,0.5,0.1,0.8,1.1,5.2,,DET,B-Ref,,,,,,,,,,,,,,,,,,,,,,,,,,,,,,,,,,,,,,,,,,,,,,,,,,,,,,ORL
15.0,Wendell Moore Jr.,24.0,SG,6.0,0.0,10.0,0.7,1.2,0.571,0.0,0.2,0.0,0.7,1.0,0.667,0.571,0.3,0.3,1.0,0.2,0.8,1.0,0.7,0.3,0.3,0.2,0.5,1.7,,DET,B-Ref,,,,,,,,,,,,,,,,,,,,,,,,,,,,,,,,,,,,,,,,,,,,,,,,,,,,,,ORL
16.0,Tolu Smith,25.0,PF,15.0,0.0,9.1,1.2,2.4,0.5,0.0,0.0,,1.2,2.4,0.5,0.5,1.3,2.0,0.667,1.5,1.8,3.3,0.9,0.1,0.4,0.5,1.5,3.7,,DET,B-Ref,,,,,,,,,,,,,,,,,,,,,,,,,,,,,,,,,,,,,,,,,,,,,,,,,,,,,,ORL
17.0,Chaz Lanier,24.0,SG,34.0,0.0,7.7,0.8,2.6,0.315,0.6,2.0,0.284,0.3,0.6,0.409,0.421,0.1,0.2,0.833,0.2,0.4,0.7,0.5,0.2,0.0,0.1,0.4,2.4,,DET,B-Ref,,,,,,,,,,,,,,,,,,,,,,,,,,,,,,,,,,,,,,,,,,,,,,,,,,,,,,ORL
20.0,Isaac Jones,25.0,PF,4.0,0.0,4.8,0.5,1.3,0.4,0.0,0.3,0.0,0.5,1.0,0.5,0.4,0.5,0.5,1.0,0.0,0.8,0.8,0.0,0.0,0.3,0.3,0.0,1.5,,DET,B-Ref,,,,,,,,,,,,,,,,,,,,,,,,,,,,,,,,,,,,,,,,,,,,,,,,,,,,,,ORL
1.0,Paolo Banchero,23.0,PF,72.0,72.0,34.8,7.3,16.0,0.459,1.2,3.8,0.305,6.2,12.2,0.507,0.496,6.3,8.2,0.775,1.2,7.2,8.4,5.2,0.7,0.6,3.1,2.0,22.2,,ORL,B-Ref,,,,,,,,,,,,,,,,,,,,,,,,,,,,,,,,,,,,,,,,,,,,,,,,,,,,,,DET
2.0,Desmond Bane,27.0,SG,82.0,82.0,33.6,7.1,14.7,0.484,2.0,5.2,0.391,5.1,9.5,0.535,0.553,3.8,4.2,0.908,1.2,2.9,4.1,4.1,1.0,0.5,2.0,3.1,20.1,,ORL,B-Ref,,,,,,,,,,,,,,,,,,,,,,,,,,,,,,,,,,,,,,,,,,,,,,,,,,,,,,DET
3.0,Franz Wagner,24.0,SF,34.0,32.0,30.0,7.2,14.9,0.481,1.4,4.1,0.345,5.8,10.8,0.533,0.529,4.8,5.8,0.823,1.3,3.9,5.2,3.3,0.9,0.3,1.7,2.1,20.6,,ORL,B-Ref,,,,,,,,,,,,,,,,,,,,,,,,,,,,,,,,,,,,,,,,,,,,,,,,,,,,,,DET
4.0,Anthony Black,22.0,PG,64.0,40.0,29.8,5.4,12.1,0.447,1.6,4.7,0.333,3.8,7.4,0.519,0.512,2.6,3.6,0.732,0.7,3.1,3.8,3.7,1.4,0.7,2.1,2.7,15.0,,ORL,B-Ref,,,,,,,,,,,,,,,,,,,,,,,,,,,,,,,,,,,,,,,,,,,,,,,,,,,,,,DET
5.0,Wendell Carter Jr.,26.0,C,78.0,78.0,29.3,4.2,8.2,0.512,0.9,2.9,0.319,3.3,5.3,0.618,0.568,2.5,3.2,0.792,2.1,5.3,7.4,2.0,0.8,0.6,1.3,3.4,11.8,,ORL,B-Ref,,,,,,,,,,,,,,,,,,,,,,,,,,,,,,,,,,,,,,,,,,,,,,,,,,,,,,DET
6.0,Jalen Suggs,24.0,PG,57.0,56.0,27.6,4.9,11.4,0.435,2.1,6.3,0.339,2.8,5.1,0.554,0.529,1.8,2.1,0.855,0.6,3.2,3.9,5.5,1.8,0.7,2.7,2.5,13.8,,ORL,B-Ref,,,,,,,,,,,,,,,,,,,,,,,,,,,,,,,,,,,,,,,,,,,,,,,,,,,,,,DET
7.0,Tristan Da Silva,24.0,SF,77.0,34.0,24.7,3.6,8.1,0.45,1.6,4.2,0.374,2.1,3.9,0.532,0.547,1.1,1.2,0.884,0.8,2.9,3.7,1.6,0.9,0.3,0.9,1.5,9.9,,ORL,B-Ref,,,,,,,,,,,,,,,,,,,,,,,,,,,,,,,,,,,,,,,,,,,,,,,,,,,,,,DET
8.0,Jevon Carter,30.0,PG,30.0,1.0,20.4,2.7,6.8,0.402,1.5,4.6,0.336,1.2,2.2,0.537,0.515,0.2,0.3,0.556,0.3,1.8,2.1,2.3,0.9,0.3,0.8,1.3,7.2,,ORL,B-Ref,,,,,,,,,,,,,,,,,,,,,,,,,,,,,,,,,,,,,,,,,,,,,,,,,,,,,,DET
10.0,Goga Bitadze,26.0,C,64.0,3.0,15.2,2.4,3.5,0.676,0.0,0.2,0.182,2.3,3.3,0.701,0.68,1.1,1.5,0.711,2.1,2.9,5.0,1.3,0.6,1.0,0.7,2.1,5.9,,ORL,B-Ref,,,,,,,,,,,,,,,,,,,,,,,,,,,,,,,,,,,,,,,,,,,,,,,,,,,,,,DET
11.0,Noah Penda,21.0,SF,59.0,2.0,12.8,1.4,3.4,0.404,0.5,1.6,0.323,0.9,1.9,0.473,0.478,0.6,0.8,0.688,1.1,2.0,3.2,1.2,0.5,0.3,0.7,1.2,3.8,,ORL,B-Ref,,,,,,,,,,,,,,,,,,,,,,,,,,,,,,,,,,,,,,,,,,,,,,,,,,,,,,DET
12.0,Jett Howard,22.0,SF,55.0,0.0,12.6,1.9,4.6,0.418,1.0,2.6,0.372,0.9,1.9,0.481,0.526,0.7,0.7,0.949,0.4,1.2,1.6,0.8,0.2,0.2,0.3,1.2,5.5,,ORL,B-Ref,,,,,,,,,,,,,,,,,,,,,,,,,,,,,,,,,,,,,,,,,,,,,,,,,,,,,,DET
13.0,Jamal Cain,26.0,SF,40.0,1.0,12.2,1.9,3.8,0.487,0.7,1.8,0.384,1.2,2.0,0.582,0.579,1.0,1.2,0.848,0.7,1.3,2.0,0.7,0.3,0.1,0.5,1.3,5.4,,ORL,B-Ref,,,,,,,,,,,,,,,,,,,,,,,,,,,,,,,,,,,,,,,,,,,,,,,,,,,,,,DET
14.0,Moritz Wagner,28.0,C,36.0,0.0,11.9,2.3,5.4,0.426,0.6,1.9,0.314,1.7,3.5,0.488,0.482,1.6,2.0,0.819,0.8,2.4,3.2,0.8,0.4,0.1,0.5,1.6,6.9,,ORL,B-Ref,,,,,,,,,,,,,,,,,,,,,,,,,,,,,,,,,,,,,,,,,,,,,,,,,,,,,,DET
15.0,Jase Richardson,20.0,SG,54.0,0.0,10.9,1.6,3.5,0.473,0.5,1.5,0.354,1.1,2.0,0.56,0.548,0.6,0.9,0.717,0.4,0.8,1.2,1.1,0.4,0.0,0.5,1.0,4.4,,ORL,B-Ref,,,,,,,,,,,,,,,,,,,,,,,,,,,,,,,,,,,,,,,,,,,,,,,,,,,,,,DET
16.0,Jonathan Isaac,28.0,PF,52.0,0.0,10.0,0.9,2.1,0.422,0.1,0.7,0.184,0.8,1.4,0.549,0.454,0.7,1.1,0.603,0.8,1.7,2.5,0.4,0.4,0.6,0.3,0.8,2.6,,ORL,B-Ref,,,,,,,,,,,,,,,,,,,,,,,,,,,,,,,,,,,,,,,,,,,,,,,,,,,,,,DET
18.0,Alex Morales,28.0,PG,4.0,0.0,6.0,0.8,1.8,0.429,0.0,0.3,0.0,0.8,1.5,0.5,0.429,0.5,0.5,1.0,0.3,0.5,0.8,1.0,0.0,0.0,1.0,1.8,2.0,,ORL,B-Ref,,,,,,,,,,,,,,,,,,,,,,,,,,,,,,,,,,,,,,,,,,,,,,,,,,,,,,DET
19.0,Colin Castleton,25.0,C,4.0,0.0,5.3,0.5,1.3,0.4,0.0,0.0,,0.5,1.3,0.4,0.4,0.3,0.3,1.0,0.5,1.5,2.0,0.3,0.3,0.0,0.5,0.5,1.3,,ORL,B-Ref,,,,,,,,,,,,,,,,,,,,,,,,,,,,,,,,,,,,,,,,,,,,,,,,,,,,,,DET
1.0,De'Aaron Fox,28.0,PG,72.0,72.0,31.0,7.1,14.5,0.486,1.8,5.5,0.332,5.3,9.1,0.58,0.549,2.6,3.4,0.76,0.6,3.2,3.8,6.2,1.2,0.3,2.3,2.3,18.6,AS,SAS,B-Ref,,,,,,,,,,,,,,,,,,,,,,,,,,,,,,,,,,,,,,,,,,,,,,,,,,,,,,POR
2.0,Devin Vassell,25.0,SG,67.0,65.0,30.5,4.9,11.3,0.437,2.5,6.4,0.384,2.4,4.8,0.508,0.547,1.6,1.9,0.815,0.6,3.4,4.0,2.5,0.9,0.4,0.9,1.6,13.9,,SAS,B-Ref,,,,,,,,,,,,,,,,,,,,,,,,,,,,,,,,,,,,,,,,,,,,,,,,,,,,,,POR
3.0,Stephon Castle,21.0,PG,68.0,67.0,30.0,5.7,12.0,0.471,1.2,3.6,0.332,4.5,8.4,0.531,0.521,4.1,5.6,0.734,1.4,3.9,5.3,7.4,1.1,0.3,3.2,3.3,16.7,,SAS,B-Ref,,,,,,,,,,,,,,,,,,,,,,,,,,,,,,,,,,,,,,,,,,,,,,,,,,,,,,POR
4.0,Victor Wembanyama,22.0,C,64.0,55.0,29.2,8.6,16.9,0.512,1.9,5.5,0.349,6.7,11.4,0.59,0.569,5.8,7.0,0.827,2.0,9.5,11.5,3.1,1.0,3.1,2.4,2.4,25.0,AS,SAS,B-Ref,,,,,,,,,,,,,,,,,,,,,,,,,,,,,,,,,,,,,,,,,,,,,,,,,,,,,,POR
5.0,Julian Champagnie,24.0,SF,82.0,68.0,27.6,3.7,8.4,0.437,2.4,6.2,0.381,1.3,2.2,0.599,0.578,1.4,1.6,0.844,0.9,4.9,5.8,1.5,0.8,0.5,0.8,1.6,11.1,,SAS,B-Ref,,,,,,,,,,,,,,,,,,,,,,,,,,,,,,,,,,,,,,,,,,,,,,,,,,,,,,POR
6.0,Harrison Barnes,33.0,PF,77.0,52.0,25.8,3.4,7.5,0.456,1.8,4.6,0.388,1.6,2.8,0.567,0.577,1.3,1.6,0.829,0.8,2.0,2.8,1.9,0.6,0.2,0.8,1.1,9.9,,SAS,B-Ref,,,,,,,,,,,,,,,,,,,,,,,,,,,,,,,,,,,,,,,,,,,,,,,,,,,,,,POR
7.0,Keldon Johnson,26.0,SF,82.0,0.0,23.3,5.0,9.7,0.519,1.2,3.3,0.363,3.8,6.4,0.601,0.582,1.9,2.4,0.794,1.7,3.7,5.4,1.4,0.6,0.1,0.9,2.0,13.2,,SAS,B-Ref,,,,,,,,,,,,,,,,,,,,,,,,,,,,,,,,,,,,,,,,,,,,,,,,,,,,,,POR
8.0,Dylan Harper,19.0,SG,69.0,4.0,22.6,4.8,9.5,0.505,0.9,2.6,0.343,3.9,6.9,0.565,0.551,1.3,1.7,0.756,0.8,2.6,3.4,3.9,0.8,0.3,1.4,2.0,11.8,,SAS,B-Ref,,,,,,,,,,,,,,,,,,,,,,,,,,,,,,,,,,,,,,,,,,,,,,,,,,,,,,POR
9.0,Luke Kornet,30.0,C,68.0,25.0,21.0,2.6,4.0,0.643,0.0,0.0,,2.6,4.0,0.643,0.643,1.4,1.7,0.825,2.7,3.4,6.1,1.9,0.5,1.0,0.4,1.8,6.5,,SAS,B-Ref,,,,,,,,,,,,,,,,,,,,,,,,,,,,,,,,,,,,,,,,,,,,,,,,,,,,,,POR
11.0,Carter Bryant,20.0,PF,71.0,0.0,11.5,1.5,3.7,0.408,0.7,2.2,0.335,0.8,1.5,0.509,0.506,0.4,0.6,0.714,0.5,2.0,2.5,0.7,0.2,0.3,0.5,1.3,4.2,,SAS,B-Ref,,,,,,,,,,,,,,,,,,,,,,,,,,,,,,,,,,,,,,,,,,,,,,,,,,,,,,POR
12.0,Kelly Olynyk,34.0,C,42.0,0.0,8.6,1.1,2.3,0.49,0.3,1.1,0.255,0.8,1.2,0.714,0.552,0.6,0.9,0.711,0.6,1.2,1.8,1.2,0.4,0.1,0.6,0.9,3.2,,SAS,B-Ref,,,,,,,,,,,,,,,,,,,,,,,,,,,,,,,,,,,,,,,,,,,,,,,,,,,,,,POR
13.0,Mason Plumlee,35.0,C,6.0,1.0,7.8,0.3,0.3,1.0,0.0,0.0,,0.3,0.3,1.0,1.0,0.2,0.3,0.5,1.2,1.0,2.2,0.7,0.7,0.0,0.5,1.2,0.8,,SAS,B-Ref,,,,,,,,,,,,,,,,,,,,,,,,,,,,,,,,,,,,,,,,,,,,,,,,,,,,,,POR
14.0,Lindy Waters III,28.0,SG,40.0,0.0,7.1,0.8,2.2,0.375,0.7,2.0,0.342,0.2,0.2,0.667,0.528,0.1,0.1,0.667,0.1,0.7,0.7,0.5,0.2,0.0,0.2,0.6,2.4,,SAS,B-Ref,,,,,,,,,,,,,,,,,,,,,,,,,,,,,,,,,,,,,,,,,,,,,,,,,,,,,,POR
15.0,Jordan McLaughlin,29.0,PG,44.0,0.0,6.4,0.8,1.8,0.418,0.4,0.9,0.425,0.4,0.9,0.41,0.525,0.1,0.2,0.857,0.2,0.6,0.7,0.9,0.5,0.0,0.3,0.3,2.0,,SAS,B-Ref,,,,,,,,,,,,,,,,,,,,,,,,,,,,,,,,,,,,,,,,,,,,,,,,,,,,,,POR
16.0,David Jones García,24.0,SF,11.0,0.0,6.2,1.2,2.3,0.52,0.3,0.5,0.6,0.9,1.8,0.5,0.58,0.3,0.5,0.5,0.4,0.8,1.2,1.6,0.5,0.1,0.5,0.5,2.9,,SAS,B-Ref,,,,,,,,,,,,,,,,,,,,,,,,,,,,,,,,,,,,,,,,,,,,,,,,,,,,,,POR
17.0,Bismack Biyombo,33.0,C,25.0,1.0,5.6,0.4,0.6,0.6,0.0,0.0,,0.4,0.6,0.6,0.6,0.2,0.3,0.714,0.2,0.8,1.0,0.2,0.2,0.1,0.3,1.1,0.9,,SAS,B-Ref,,,,,,,,,,,,,,,,,,,,,,,,,,,,,,,,,,,,,,,,,,,,,,,,,,,,,,POR
18.0,Harrison Ingram,23.0,SF,7.0,0.0,3.7,0.7,0.9,0.833,0.1,0.1,1.0,0.6,0.7,0.8,0.917,0.0,0.0,,0.4,0.0,0.4,0.1,0.0,0.0,0.1,0.3,1.6,,SAS,B-Ref,,,,,,,,,,,,,,,,,,,,,,,,,,,,,,,,,,,,,,,,,,,,,,,,,,,,,,POR
1.0,Toumani Camara,25.0,PF,82.0,82.0,33.3,4.8,10.9,0.44,2.7,7.2,0.37,2.1,3.6,0.579,0.563,1.2,1.7,0.708,1.6,3.6,5.1,2.5,1.1,0.4,1.8,2.9,13.4,,POR,B-Ref,,,,,,,,,,,,,,,,,,,,,,,,,,,,,,,,,,,,,,,,,,,,,,,,,,,,,,SAS
2.0,Deni Avdija,25.0,SF,66.0,66.0,33.3,7.5,16.1,0.462,1.9,6.0,0.318,5.6,10.2,0.547,0.521,7.4,9.2,0.802,1.1,5.8,6.9,6.7,0.8,0.6,3.8,2.5,24.2,AS,POR,B-Ref,,,,,,,,,,,,,,,,,,,,,,,,,,,,,,,,,,,,,,,,,,,,,,,,,,,,,,SAS
3.0,Jerami Grant,31.0,PF,57.0,38.0,29.7,5.8,12.8,0.453,2.4,6.1,0.389,3.4,6.7,0.513,0.547,4.6,5.6,0.814,1.0,2.5,3.5,2.1,0.7,0.6,2.1,2.5,18.6,,POR,B-Ref,,,,,,,,,,,,,,,,,,,,,,,,,,,,,,,,,,,,,,,,,,,,,,,,,,,,,,SAS
4.0,Shaedon Sharpe,22.0,SG,50.0,42.0,29.4,7.8,17.4,0.452,2.1,6.1,0.337,5.8,11.2,0.514,0.511,3.1,3.9,0.787,1.0,3.3,4.3,2.6,1.4,0.1,2.9,2.0,20.8,,POR,B-Ref,,,,,,,,,,,,,,,,,,,,,,,,,,,,,,,,,,,,,,,,,,,,,,,,,,,,,,SAS
5.0,Jrue Holiday,35.0,PG,53.0,51.0,29.4,6.0,13.4,0.451,2.6,6.8,0.378,3.5,6.5,0.527,0.548,1.7,2.0,0.838,1.3,3.3,4.6,6.1,1.0,0.1,2.8,1.5,16.3,,POR,B-Ref,,,,,,,,,,,,,,,,,,,,,,,,,,,,,,,,,,,,,,,,,,,,,,,,,,,,,,SAS
6.0,Donovan Clingan,21.0,C,77.0,77.0,27.2,4.6,8.9,0.52,1.1,3.2,0.341,3.5,5.7,0.621,0.582,1.8,2.6,0.68,4.5,7.1,11.6,2.1,0.6,1.7,1.2,2.4,12.1,,POR,B-Ref,,,,,,,,,,,,,,,,,,,,,,,,,,,,,,,,,,,,,,,,,,,,,,,,,,,,,,SAS
7.0,Scoot Henderson,21.0,PG,30.0,10.0,24.9,4.8,11.4,0.418,1.9,5.4,0.352,2.9,6.0,0.478,0.501,2.8,3.3,0.84,0.6,2.1,2.7,3.7,0.9,0.3,2.4,2.8,14.2,,POR,B-Ref,,,,,,,,,,,,,,,,,,,,,,,,,,,,,,,,,,,,,,,,,,,,,,,,,,,,,,SAS
8.0,Kris Murray,25.0,SF,57.0,15.0,23.4,2.3,4.8,0.467,0.6,2.1,0.279,1.7,2.7,0.617,0.529,0.7,1.0,0.684,1.6,2.0,3.6,1.4,0.9,0.4,0.8,1.6,5.8,,POR,B-Ref,,,,,,,,,,,,,,,,,,,,,,,,,,,,,,,,,,,,,,,,,,,,,,,,,,,,,,SAS
9.0,Caleb Love,24.0,SG,49.0,1.0,20.7,3.9,10.0,0.388,1.9,6.0,0.318,2.0,4.0,0.49,0.483,0.7,1.0,0.735,0.5,1.8,2.3,2.5,0.6,0.1,1.3,1.0,10.4,,POR,B-Ref,,,,,,,,,,,,,,,,,,,,,,,,,,,,,,,,,,,,,,,,,,,,,,,,,,,,,,SAS
10.0,Vít Krejčí,25.0,PG,19.0,0.0,19.2,2.6,6.4,0.405,1.4,4.7,0.303,1.2,1.7,0.688,0.517,0.6,0.8,0.733,0.6,2.1,2.7,1.7,0.5,0.3,0.6,1.6,7.2,,POR,B-Ref,,,,,,,,,,,,,,,,,,,,,,,,,,,,,,,,,,,,,,,,,,,,,,,,,,,,,,SAS
11.0,Sidy Cissoko,21.0,SF,75.0,26.0,19.1,1.8,4.5,0.398,0.8,2.6,0.298,1.0,1.8,0.544,0.487,0.8,1.2,0.659,0.8,1.4,2.2,1.5,0.7,0.3,0.9,2.4,5.1,,POR,B-Ref,,,,,,,,,,,,,,,,,,,,,,,,,,,,,,,,,,,,,,,,,,,,,,,,,,,,,,SAS
12.0,Robert Williams,28.0,C,59.0,1.0,17.1,3.0,4.2,0.708,0.2,0.4,0.391,2.8,3.8,0.74,0.726,0.6,1.0,0.596,2.4,4.6,7.0,1.0,0.6,1.5,0.8,1.3,6.7,,POR,B-Ref,,,,,,,,,,,,,,,,,,,,,,,,,,,,,,,,,,,,,,,,,,,,,,,,,,,,,,SAS
13.0,Matisse Thybulle,28.0,SG,30.0,0.0,16.0,1.9,4.5,0.433,1.2,3.1,0.398,0.7,1.4,0.512,0.571,0.7,0.8,0.84,0.6,1.4,2.0,0.9,2.0,0.5,0.9,1.4,5.8,,POR,B-Ref,,,,,,,,,,,,,,,,,,,,,,,,,,,,,,,,,,,,,,,,,,,,,,,,,,,,,,SAS
15.0,Blake Wesley,22.0,SG,31.0,0.0,11.6,1.8,4.0,0.452,0.3,1.2,0.278,1.5,2.8,0.523,0.492,0.8,1.5,0.553,0.3,1.0,1.3,2.0,0.5,0.2,1.0,1.1,4.8,,POR,B-Ref,,,,,,,,,,,,,,,,,,,,,,,,,,,,,,,,,,,,,,,,,,,,,,,,,,,,,,SAS
17.0,Yang Hansen,20.0,C,43.0,1.0,7.0,0.7,2.3,0.31,0.1,1.0,0.119,0.6,1.3,0.448,0.335,0.7,0.8,0.824,0.5,1.1,1.5,0.5,0.1,0.2,0.7,1.0,2.2,,POR,B-Ref,,,,,,,,,,,,,,,,,,,,,,,,,,,,,,,,,,,,,,,,,,,,,,,,,,,,,,SAS
18.0,Chris Youngblood,23.0,SG,2.0,0.0,5.5,1.0,1.5,0.667,1.0,1.5,0.667,0.0,0.0,,1.0,0.0,0.0,,0.0,0.0,0.0,0.5,0.0,0.0,0.0,1.0,3.0,,POR,B-Ref,,,,,,,,,,,,,,,,,,,,,,,,,,,,,,,,,,,,,,,,,,,,,,,,,,,,,,SAS
20.0,Jayson Kent,23.0,SF,5.0,0.0,4.4,0.8,1.4,0.571,0.2,0.8,0.25,0.6,0.6,1.0,0.643,0.2,0.2,1.0,0.0,1.0,1.0,0.0,0.2,0.2,0.0,0.2,2.0,,POR,B-Ref,,,,,,,,,,,,,,,,,,,,,,,,,,,,,,,,,,,,,,,,,,,,,,,,,,,,,,SAS
